{"median": {"IQR": {"f": [18.29381568269104, 19.871684100489432, 21.745215872657617, 25.025950264415247, 28.9656730000255, 30.90551342977759, 32.08292556715163, 33.41394846748598, 34.71314726930336, 35.966779072864256], "theta": [8.54494201115527, 31.135031240230255, 31.174564578625873, 31.04251392222961, 30.81050289663134, 30.57246437486039, 30.345838594965354, 30.13711905174427, 29.893387544825696, 29.632343101088036], "phi": [0.1207741279652503, 0.1207741279657274, 0.44641646550395603, 0.6938376131756737, 0.9421119148288222, 1.1744852963854244, 1.43215469982021, 1.7415766474048004, 2.0710891457531178, 2.44286915708098], "height": [30.502928118729663, 93.68943379407091, 93.66911415104788, 93.32519907015464, 92.76269708561098, 92.03894713287872, 91.38244269751056, 90.60256560576612, 89.73256042491681, 88.95599408162036]}, "RANSAC_IQR": {"f": [18.29381568269104, 19.871684100489432, 21.745215872657617, 25.025950264415247, 28.9656730000255, 30.90551342977759, 32.08292556715163, 33.41394846748598, 34.71314726930336, 35.966779072864256], "theta": [8.54494201115527, 31.135031240230255, 31.174564578625873, 31.04251392222961, 30.81050289663134, 30.57246437486039, 30.345838594965354, 30.13711905174427, 29.893387544825696, 29.632343101088036], "phi": [0.1207741279652503, 0.1207741279657274, 0.44641646550395603, 0.6938376131756737, 0.9421119148288222, 1.1744852963854244, 1.43215469982021, 1.7415766474048004, 2.0710891457531178, 2.44286915708098], "height": [30.502928118729663, 93.68943379407091, 93.66911415104788, 93.32519907015464, 92.76269708561098, 92.03894713287872, 91.38244269751056, 90.60256560576612, 89.73256042491681, 88.95599408162036]}, "RANSAC_IQR_2": {"f": [0.07921156555926814, 3.005551840802343, 5.280308765949247, 7.036562848787156, 8.69305974674856, 10.126542279534942, 11.73530683676753, 12.897876085336224, 14.281972592416832, 15.460433719806485], "theta": [36.35306789615276, 35.641010712455476, 32.46702029023152, 30.484419062933014, 29.548172031535444, 28.95736264693422, 28.17465150007896, 27.451492938716218, 27.234388020448336, 26.4409618868934], "phi": [0.1207741279680492, 0.12077412796569559, 0.4650603203814984, 0.7083348033695085, 0.9741104014120798, 1.2078125582489612, 1.4936991182435782, 1.823635135472506, 2.1823468204163095, 2.5630839594586905], "height": [366.33032258314813, 121.92872755976083, 112.43001272638168, 366.3303225329314, 0.4742105751126843, 0.01320427414864452, 72.67520586277566, 366.3303222564713, 133.83542966791572, 0.15108090327385545]}, "Vanilla model": {"f": [58.96775502287268, 59.9037975161319, 69.28352517252436, 71.42692946176321, 72.80485498945487, 75.59354288443186, 78.70136158062664, 81.01129337058906, 82.66831997135117, 83.62955134900616], "theta": [23.021519205475414, 23.244355251017275, 23.46168370227182, 23.63381933659194, 23.807594406522185, 23.97399887702832, 24.207013255151878, 24.1790787694435, 24.194814188153345, 24.235332568076547], "phi": [0.12077412796523442, 0.12077412796526621, 0.12077412796536163, 0.12077412796547295, 0.12077412796590233, 0.6240296104153739, 1.0824427143393653, 1.5782049222131618, 2.0671299130170158, 2.6030646091081184], "height": [72.65868542855611, 73.17989439580111, 73.35047184243534, 73.61751110484663, 73.77744269354947, 74.02919714252283, 74.17682638266739, 74.24025322827538, 74.2824140497501, 74.33217698508636]}, "ZSCORE": {"f": [18.20643918712281, 19.07658479772949, 29.718261891254894, 31.920863160626006, 63.466659211265, 75.38964068296283, 78.4620482078108, 80.76534526934145, 82.42882802665073, 83.3428035622731], "theta": [6.378771055769826, 25.551557317535295, 25.801119713220675, 25.807979842408862, 25.637875261380792, 25.2140886595254, 25.010893444894037, 24.832126185413955, 24.71431242550069, 24.700751239432286], "phi": [0.1207741279652503, 0.12077412796528211, 0.12077412796537754, 0.12077412796547295, 0.12077412796609316, 0.6210200126668848, 1.0711148334744, 1.5553712108370976, 2.0289096966022733, 2.5538999227169694], "height": [21.65576726826314, 75.91989662959011, 74.76852481858771, 74.63357138188834, 74.50088175216668, 74.48957654679944, 74.48250849175433, 74.44792742966925, 74.41653910780002, 74.4346441631397]}, "RANSAC_ZSCORE": {"f": [18.20643918712281, 19.07658479772949, 29.718261891254894, 31.920863160626006, 63.466659211265, 75.38964068296283, 78.4620482078108, 80.76534526934145, 82.42882802665073, 83.3428035622731], "theta": [6.378771055769826, 25.551557317535295, 25.801119713220675, 25.807979842408862, 25.637875261380792, 25.2140886595254, 25.010893444894037, 24.832126185413955, 24.71431242550069, 24.700751239432286], "phi": [0.1207741279652503, 0.12077412796528211, 0.12077412796537754, 0.12077412796547295, 0.12077412796609316, 0.6210200126668848, 1.0711148334744, 1.5553712108370976, 2.0289096966022733, 2.5538999227169694], "height": [21.65576726826314, 75.91989662959011, 74.76852481858771, 74.63357138188834, 74.50088175216668, 74.48957654679944, 74.48250849175433, 74.44792742966925, 74.41653910780002, 74.4346441631397]}, "RANSAC_ZSCORE_2": {"f": [0.07921156555865991, 4.016452209985187, 8.198979434081444, 11.601168893979183, 14.098195426376787, 16.64681994652434, 18.438239484810808, 20.51966231596947, 21.826475843926872, 23.9814224343919], "theta": [36.35306789615297, 36.052757491228036, 34.5915231804657, 33.62958257252652, 33.20520761116804, 32.65841518598769, 32.23045913637979, 31.810350180854833, 31.511473093983756, 30.995439700190712], "phi": [0.12077412796496406, 0.12077412796626809, 0.48003360508568654, 0.7319536222313318, 1.0001846397267091, 1.2413845752498849, 1.522951374237088, 1.8329217418511596, 2.196496673166626, 2.5541300601768007], "height": [0.006602137075809959, 2.615678367851245, 18.124438314268154, 91.04412911163378, 10.112678646321157, 8.20445030487127, 97.9560456419624, 2.600893948442695, 17.510012044245546, 7.124478782986217]}}}